seq_ID	nSeqCDR3	V3J	readCount	isotype
seq_1	TGTGCAAACAGTAACTGGGCGTTCGACTACTGG	IGHV1-2_TGTGCAAACAGTAACTGGGCGTTCGACTACTGG_IGHJ5-M	1	IGM
seq_2	TGTGCACGAGACAACTGGGCGTTCGACTACTGG	IGHV1-2_TGTGCACGAGACAACTGGGCGTTCGACTACTGG_IGHJ5-M	1	IGM
seq_3	TGTGCACGAGACGATAACAACTACTACTTTGACTACTGG	IGHV1-2_TGTGCACGAGACGATAACAACTACTACTTTGACTACTGG_IGHJ1-M	1	IGM
seq_4	TGTGCACGAGACGGTAACGGTGCCTTTGACTACTGG	IGHV1-2_TGTGCACGAGACGGTAACGGTGCCTTTGACTACTGG_IGHJ2-M	1	IGM
seq_5	TGTGCACGAGACTATGCTTTTGACTACTGG	IGHV1-2_TGTGCACGAGACTATGCTTTTGACTACTGG_IGHJ4-M	1	IGM
seq_6	TGTGCACGAGACTATGGAGTGGACGGTGCCTTTGACTACTGG	IGHV1-2_TGTGCACGAGACTATGGAGTGGACGGTGCCTTTGACTACTGG_IGHJ2-M	1	IGM
seq_7	TGTGCACGAGACTCGTACGGTGCCTTTGACTACTGG	IGHV1-2_TGTGCACGAGACTCGTACGGTGCCTTTGACTACTGG_IGHJ2-M	1	IGM
seq_8	TGTGCACGAGATAACAACTACGGTGCCTTTGACTACTGG	IGHV1-2_TGTGCACGAGATAACAACTACGGTGCCTTTGACTACTGG_IGHJ2-M	1	IGM
seq_9	TGTGCACGAGGCATGGAGTGGCGTGCTTTTGACTACTGG	IGHV1-2_TGTGCACGAGGCATGGAGTGGCGTGCTTTTGACTACTGG_IGHJ4-M	1	IGM
seq_10	TGTGCACGGAACAACGGTGCCTTTGACTACTGG	IGHV1-2_TGTGCACGGAACAACGGTGCCTTTGACTACTGG_IGHJ2-M	1	IGM
seq_11	TGTGCACGGAACTACGATGCTGCCTTTGACTACTGG	IGHV1-2_TGTGCACGGAACTACGATGCTGCCTTTGACTACTGG_IGHJ3-M	1	IGM
seq_12	TGTGCAAAAGTTAACAACGGTGCCTTTGACTACTGG	IGHV10-1_TGTGCAAAAGTTAACAACGGTGCCTTTGACTACTGG_IGHJ2-M	1	IGM
seq_13	TGTGCAAAGGGGAGTGACGGTGCCTTTGACTACTGG	IGHV10-1_TGTGCAAAGGGGAGTGACGGTGCCTTTGACTACTGG_IGHJ2-M	1	IGM
seq_14	TGTGCCCGAGAAATATCGTACGGTGCCTTTGACTACTGG	IGHV11-1_TGTGCCCGAGAAATATCGTACGGTGCCTTTGACTACTGG_IGHJ2-M	1	IGM
seq_15	TGTGCTAGAAGGGCAGACAACTACGACGGTGCCTTTGACTACTGG	IGHV11-1_TGTGCTAGAAGGGCAGACAACTACGACGGTGCCTTTGACTACTGG_IGHJ2-M	1	IGM
seq_16	TGTGCAAAGAACTACGACGTTGCCTTTGACTACTGG	IGHV13S2_TGTGCAAAGAACTACGACGTTGCCTTTGACTACTGG_IGHJ2-M	1	IGM
seq_17	TGTGCAAAGAATAACTACGATGCTTTTGACTACTGG	IGHV13S2_TGTGCAAAGAATAACTACGATGCTTTTGACTACTGG_IGHJ4-M	1	IGM
seq_18	TGTGCAAAGAATGGAGCCTACTACTACTTTGACTACTGG	IGHV13S2_TGTGCAAAGAATGGAGCCTACTACTACTTTGACTACTGG_IGHJ1-M	1	IGM
seq_19	TGTGCAAAGACAGCGAGTGGCTACTTTGACTACTGG	IGHV13S2_TGTGCAAAGACAGCGAGTGGCTACTTTGACTACTGG_IGHJ1-M	1	IGM
seq_20	TGTGCAAAGACAGCGCTGTCAACTACTGCCTTTGACTACTGG	IGHV13S2_TGTGCAAAGACAGCGCTGTCAACTACTGCCTTTGACTACTGG_IGHJ2-M	1	IGM
seq_21	TGTGCAAAGACAGCGGCTACGGACTACTTTGACTACTGG	IGHV13S2_TGTGCAAAGACAGCGGCTACGGACTACTTTGACTACTGG_IGHJ1-M	1	IGM
seq_22	TGTGCAAAGACAGCTCTTAACAACTACGGTGCCTTTGACTACTGG	IGHV13S2_TGTGCAAAGACAGCTCTTAACAACTACGGTGCCTTTGACTACTGG_IGHJ2-M	1	IGM
seq_23	TGTGCAAAGTCTAACTACGATGCTTTTGACTACTGG	IGHV13S2_TGTGCAAAGTCTAACTACGATGCTTTTGACTACTGG_IGHJ4-M	1	IGM
seq_24	TGTGCAAGAGAGGAGTGGCGCTACTTTGACTACTGG	IGHV14S1_TGTGCAAGAGAGGAGTGGCGCTACTTTGACTACTGG_IGHJ1-M	1	IGM
seq_25	TGTGCAAGAGATATATACGGTGCCTTTGACTACTGG	IGHV14S1_TGTGCAAGAGATATATACGGTGCCTTTGACTACTGG_IGHJ2-M	1	IGM
seq_26	TGTGCAAGAGCAGTATCCGGTGCCTTTGACTACTGG	IGHV14S1_TGTGCAAGAGCAGTATCCGGTGCCTTTGACTACTGG_IGHJ2-M	1	IGM
seq_27	TGTGCAAGTATAACAGATGCTGCCTTTGACTACTGG	IGHV14S1_TGTGCAAGTATAACAGATGCTGCCTTTGACTACTGG_IGHJ3-M	1	IGM
seq_28	TGTGCACGAGAGATAACTAGATACTTTGACTACTGG	IGHV1S3_TGTGCACGAGAGATAACTAGATACTTTGACTACTGG_IGHJ1-M	1	IGM
seq_29	TGTGCACGTTATAACTACTACTTTGACTACTGG	IGHV1S3_TGTGCACGTTATAACTACTACTTTGACTACTGG_IGHJ1-M	1	IGM
seq_30	TGTGCACAACAGTATAACAGTGCCTTTGACTACTGG	IGHV1S4_TGTGCACAACAGTATAACAGTGCCTTTGACTACTGG_IGHJ2-M	1	IGM
seq_31	TGTGCACAACTTAACAACGGTGCCTTTGACTACTGG	IGHV1S4_TGTGCACAACTTAACAACGGTGCCTTTGACTACTGG_IGHJ2-M	1	IGM
seq_32	TGTGCTCGAGCACCAGATAATGCTTTTGACTACTGG	IGHV2-1_TGTGCTCGAGCACCAGATAATGCTTTTGACTACTGG_IGHJ4-M	1	IGM
seq_33	TGTGCTCGAGCACCAGGACGCATTTTTGCTTTTGACTACTGG	IGHV2-1_TGTGCTCGAGCACCAGGACGCATTTTTGCTTTTGACTACTGG_IGHJ4-M	1	IGM
seq_34	TGTGCTCGAGCACCAGGAGTGGCCTTTGACTACTGG	IGHV2-1_TGTGCTCGAGCACCAGGAGTGGCCTTTGACTACTGG_IGHJ2-M	1	IGM
seq_35	TGTGCTCGAGCACCCTATAACAACTACGGTGCCTTTGACTACTGG	IGHV2-1_TGTGCTCGAGCACCCTATAACAACTACGGTGCCTTTGACTACTGG_IGHJ2-M	3	IGM
seq_36	TGTGCTCGAGCACCGCAGTATAACGATGCTTTTGACTACTGG	IGHV2-1_TGTGCTCGAGCACCGCAGTATAACGATGCTTTTGACTACTGG_IGHJ4-M	1	IGM
seq_37	TGTGCTCGAGAGGACTACGGTGCCTTTGACTACTGG	IGHV2-2_TGTGCTCGAGAGGACTACGGTGCCTTTGACTACTGG_IGHJ2-M	1	IGM
seq_38	TGTGCTCGAGAGTACAGTATAGACGGTGCCTTTGACTACTGG	IGHV2-2_TGTGCTCGAGAGTACAGTATAGACGGTGCCTTTGACTACTGG_IGHJ2-M	1	IGM
seq_39	TGTGCTCGGGAGTACGGAGCGTACTACTTTGACTACTGG	IGHV2-2_TGTGCTCGGGAGTACGGAGCGTACTACTTTGACTACTGG_IGHJ1-M	1	IGM
seq_40	TGTGCTCGGGTAAACTATGCTTTTGACTACTGG	IGHV2-2_TGTGCTCGGGTAAACTATGCTTTTGACTACTGG_IGHJ4-M	1	IGM
seq_41	TGTGCAAGAGTGTCCAACTACTGGGCGTTCGACTACTGG	IGHV3-2_TGTGCAAGAGTGTCCAACTACTGGGCGTTCGACTACTGG_IGHJ5-M	1	IGM
seq_42	TGTGCAAGGAACTACGACTACTTTGACTACTGG	IGHV3-2_TGTGCAAGGAACTACGACTACTTTGACTACTGG_IGHJ1-M	1	IGM
seq_43	TGTGCAAGAGAAGACAATGCTTTTGACTACTGG	IGHV4-1_TGTGCAAGAGAAGACAATGCTTTTGACTACTGG_IGHJ4-M	1	IGM
seq_44	TGTGCAAGAGAAGGGAACAACTACTGGGCGTTCGACTACTGG	IGHV4-1_TGTGCAAGAGAAGGGAACAACTACTGGGCGTTCGACTACTGG_IGHJ5-M	1	IGM
seq_45	TGTGCAAAAATTAACAACTACTACTTTGACTACTGG	IGHV4-2_TGTGCAAAAATTAACAACTACTACTTTGACTACTGG_IGHJ1-M	1	IGM
seq_46	TGTGCAAAACAAAGCATGGAGGGCCACTACTTTGACTACTGG	IGHV4-2_TGTGCAAAACAAAGCATGGAGGGCCACTACTTTGACTACTGG_IGHJ1-M	1	IGM
seq_47	TGTGCAAAACAACAACTACTCGGTGCCTTTGACTACTGG	IGHV4-2_TGTGCAAAACAACAACTACTCGGTGCCTTTGACTACTGG_IGHJ2-M	3	IGM
seq_48	TGTGCAAAACAACAACTCTACAATGCTGCCTTTGACTACTGG	IGHV4-2_TGTGCAAAACAACAACTCTACAATGCTGCCTTTGACTACTGG_IGHJ3-M	1	IGM
seq_49	TGTGCAAAACAAGACAACAATGCTTTTGACTACTGG	IGHV4-2_TGTGCAAAACAAGACAACAATGCTTTTGACTACTGG_IGHJ4-M	22	IGM
seq_50	TGTGCAAAACAAGAGCAGTATTACAATGCTTTTGACTACTGG	IGHV4-2_TGTGCAAAACAAGAGCAGTATTACAATGCTTTTGACTACTGG_IGHJ4-M	2	IGM
seq_51	TGTGCAAAACAAGAGTACGGTGCCTTTGACTACTGG	IGHV4-2_TGTGCAAAACAAGAGTACGGTGCCTTTGACTACTGG_IGHJ2-M	1	IGM
seq_52	TGTGCAAAACAAGCATGGAGTGACGGTGCCTTTGACTACTGG	IGHV4-2_TGTGCAAAACAAGCATGGAGTGACGGTGCCTTTGACTACTGG_IGHJ2-M	1	IGM
seq_53	TGTGCAAAACAAGCGGAGTACAATGCTTTTCACTACTGG	IGHV4-2_TGTGCAAAACAAGCGGAGTACAATGCTTTTCACTACTGG_IGHJ4-M	9	IGM
seq_54	TGTGCAAAACAAGCGGGTGGCTACGGTGCCTTTGACTACTGG	IGHV4-2_TGTGCAAAACAAGCGGGTGGCTACGGTGCCTTTGACTACTGG_IGHJ2-M	1	IGM
seq_55	TGTGCAAAACAAGCTTATAACTACTTTGACTACTGG	IGHV4-2_TGTGCAAAACAAGCTTATAACTACTTTGACTACTGG_IGHJ1-M	16	IGM
seq_56	TGTGCAAAACAAGCTTATGGAGTGGACGGTGCCTTTGACTACTGG	IGHV4-2_TGTGCAAAACAAGCTTATGGAGTGGACGGTGCCTTTGACTACTGG_IGHJ2-M	9	IGM
seq_57	TGTGCAAAACAAGCTTCTAACAATCACGGTGCCTTTGACTACTGG	IGHV4-2_TGTGCAAAACAAGCTTCTAACAATCACGGTGCCTTTGACTACTGG_IGHJ2-M	2	IGM
seq_58	TGTGCAAAACAAGCTTGGAGTGACAATGCTTTTGACTACTGG	IGHV4-2_TGTGCAAAACAAGCTTGGAGTGACAATGCTTTTGACTACTGG_IGHJ4-M	1	IGM
seq_59	TGTGCAAAACAAGTTTACAATGCTTTTGACTACTGG	IGHV4-2_TGTGCAAAACAAGTTTACAATGCTTTTGACTACTGG_IGHJ4-M	5	IGM
seq_60	TGTGCAAAACAATGGAGTGGCGATGCTTTTGACTACTGG	IGHV4-2_TGTGCAAAACAATGGAGTGGCGATGCTTTTGACTACTGG_IGHJ4-M	1	IGM
seq_61	TGTGCAAAACAGAGTGACAATGCTTTTGACTACTGG	IGHV4-2_TGTGCAAAACAGAGTGACAATGCTTTTGACTACTGG_IGHJ4-M	22	IGM
seq_62	TGTGCAAAACAGGATAACAACAATGCTTTTGACTACTGG	IGHV4-2_TGTGCAAAACAGGATAACAACAATGCTTTTGACTACTGG_IGHJ4-M	6	IGM
seq_63	TGTGCAAAACAGGGAGCGTACTACTTTGACTACTGG	IGHV4-2_TGTGCAAAACAGGGAGCGTACTACTTTGACTACTGG_IGHJ1-M	1	IGM
seq_64	TGTGCAAAACGGGACTATAACTGGGCGTTCGACTACTGG	IGHV4-2_TGTGCAAAACGGGACTATAACTGGGCGTTCGACTACTGG_IGHJ5-M	1	IGM
seq_65	TGTGCAAAAGAAGTATACAATGCTGCCTTTGATTACTGG	IGHV4-2_TGTGCAAAAGAAGTATACAATGCTGCCTTTGATTACTGG_IGHJ3-M	9	IGM
seq_66	TGTGCAAACAAGTTTACAATGCTTTTGACTACTGG	IGHV4-2_TGTGCAAACAAGTTTACAATGCTTTTGACTACTGG_IGHJ4-M	1	IGM
seq_67	TGTGCGGGTGAGAACAGCGCTGGTGCTGCCTTTGACTACTGG	IGHV4-5_TGTGCGGGTGAGAACAGCGCTGGTGCTGCCTTTGACTACTGG_IGHJ3-M	1	IGM
seq_68	TGTGCGGGTGATAACAGGGATGCTTTTGACTACTGG	IGHV4-5_TGTGCGGGTGATAACAGGGATGCTTTTGACTACTGG_IGHJ4-M	1	IGM
seq_69	TGTGCAAGAGAAGAGTGGTACAATGCTTTTGACTACTGG	IGHV4-6-1_TGTGCAAGAGAAGAGTGGTACAATGCTTTTGACTACTGG_IGHJ4-M	1	IGM
seq_70	TGTGCAAGAGAATACAACTACGCTTTTGACTACTGG	IGHV4-6-1_TGTGCAAGAGAATACAACTACGCTTTTGACTACTGG_IGHJ4-M	1	IGM
seq_71	TGTGCAAGAGATAACAACTACGGTGCCTTTGACTACTGG	IGHV4-6-1_TGTGCAAGAGATAACAACTACGGTGCCTTTGACTACTGG_IGHJ2-M	1	IGM
seq_72	TGTGCAAGAGATAGCTACGGTGCCTTTGACTACTGG	IGHV4-6-1_TGTGCAAGAGATAGCTACGGTGCCTTTGACTACTGG_IGHJ2-M	1	IGM
seq_73	TGTGCAAGAGATTTGGCCTACTTTGACTACTGG	IGHV4-6-1_TGTGCAAGAGATTTGGCCTACTTTGACTACTGG_IGHJ1-M	1	IGM
seq_74	TGTGCAAGAGAAAACGACTATTGGGCGTTCGACTACTGG	IGHV4-6-2_TGTGCAAGAGAAAACGACTATTGGGCGTTCGACTACTGG_IGHJ5-M	1	IGM
seq_75	TGTGCAAGAGAGGAGTGGCGACTACTTTGACTACTGG	IGHV4-6-2_TGTGCAAGAGAGGAGTGGCGACTACTTTGACTACTGG_IGHJ1-M	1	IGM
seq_76	TGTGCAAGACAAGTGGACAATGCTTTTGACTACTGG	IGHV4-6-3_TGTGCAAGACAAGTGGACAATGCTTTTGACTACTGG_IGHJ4-M	1	IGM
seq_77	TGTGCAAGACAGAGTTACAATGCTTTTGACTACTGG	IGHV4-6-3_TGTGCAAGACAGAGTTACAATGCTTTTGACTACTGG_IGHJ4-M	1	IGM
seq_78	TGTGCAAGAAACAACAACTGGGCGTTCGACTACTGG	IGHV4-7_TGTGCAAGAAACAACAACTGGGCGTTCGACTACTGG_IGHJ5-M	1	IGM
seq_79	TGTGCAAGAAAGTATAACAGTGCTTTTGACTACTGG	IGHV4-7_TGTGCAAGAAAGTATAACAGTGCTTTTGACTACTGG_IGHJ4-M	4	IGM
seq_80	TGTGCAAGACAATATTAGTATAAAACAATGCTGCCTTTGACTACTGG	IGHV4-8_TGTGCAAGACAATATTAGTATAAAACAATGCTGCCTTTGACTACTGG_IGHJ3-M	1	IGM
seq_81	TGTGCAAGACACGACAACTACTACTTTGACTACTGG	IGHV4-8_TGTGCAAGACACGACAACTACTACTTTGACTACTGG_IGHJ1-M	1	IGM
seq_82	TGTGCAAGCGGAGTGGACTACTTTGACTACTGG	IGHV4-8_TGTGCAAGCGGAGTGGACTACTTTGACTACTGG_IGHJ1-M	1	IGM
seq_83	TGCGCAAGACAAAACAACTACTGGGCGTTCGACTACTGG	IGHV4-9_TGCGCAAGACAAAACAACTACTGGGCGTTCGACTACTGG_IGHJ5-M	1	IGM
seq_84	TGCGCAAGACAGTCAACTACCTGGGCGTTCGACTACTGG	IGHV4-9_TGCGCAAGACAGTCAACTACCTGGGCGTTCGACTACTGG_IGHJ5-M	1	IGM
seq_85	TGTGCCAGACACAATGCTGCCTTTGACTACTGG	IGHV5-1-1_TGTGCCAGACACAATGCTGCCTTTGACTACTGG_IGHJ3-M	1	IGM
seq_86	TGTGCCAGACAGAATAACAGAGCTTTTGACTACTGG	IGHV5-1-1_TGTGCCAGACAGAATAACAGAGCTTTTGACTACTGG_IGHJ4-M	1	IGM
seq_87	TGTGCCAGACAGTACTACTACTTTGACTACTGG	IGHV5-1-1_TGTGCCAGACAGTACTACTACTTTGACTACTGG_IGHJ1-M	2	IGM
seq_88	TGTGCCAGACCGTCCGACGGTGCCTTTGACTACTGG	IGHV5-1-1_TGTGCCAGACCGTCCGACGGTGCCTTTGACTACTGG_IGHJ2-M	1	IGM
seq_89	TGTGCCAGACGTAACAACTACGGTGCCTTTGACTACTGG	IGHV5-1-1_TGTGCCAGACGTAACAACTACGGTGCCTTTGACTACTGG_IGHJ2-M	2	IGM
seq_90	TGTGCCAGACGTAACTACGACAATGCTTTTGACTACTGG	IGHV5-1-1_TGTGCCAGACGTAACTACGACAATGCTTTTGACTACTGG_IGHJ4-M	1	IGM
seq_91	TGTGCCAGACGTAACTACGACGGCTACTTTGACTACTGG	IGHV5-1-1_TGTGCCAGACGTAACTACGACGGCTACTTTGACTACTGG_IGHJ1-M	1	IGM
seq_92	TGTGCCAGTAACAAATACGGTGCCTTTGACTACTGG	IGHV5-1-1_TGTGCCAGTAACAAATACGGTGCCTTTGACTACTGG_IGHJ2-M	1	IGM
seq_93	TGTGCCAGACGCATAACAAATTACGGTGCCTTTGACTACTGG	IGHV5-1-2_TGTGCCAGACGCATAACAAATTACGGTGCCTTTGACTACTGG_IGHJ2-M	1	IGM
seq_94	TGTGCCAGACGGAGTGGCGGTGCCTTTGACTACTGG	IGHV5-1-2_TGTGCCAGACGGAGTGGCGGTGCCTTTGACTACTGG_IGHJ2-M	1	IGM
seq_95	TGTGCCAGGAGTATAACAGATGCTTTTGACTACTGG	IGHV5-1-2_TGTGCCAGGAGTATAACAGATGCTTTTGACTACTGG_IGHJ4-M	1	IGM
seq_96	TGTGCCAGACAAACTATCAATGCTTTTGACTACTGG	IGHV5-1-3_TGTGCCAGACAAACTATCAATGCTTTTGACTACTGG_IGHJ4-M	1	IGM
seq_97	TGTGCCAGACACACTACTGCTGCCTTTGACTACTGG	IGHV5-1-3_TGTGCCAGACACACTACTGCTGCCTTTGACTACTGG_IGHJ3-M	1	IGM
seq_98	TGTGCCAGACGAAGTGGCTGGGCGTTCGACTACTGG	IGHV5-1-3_TGTGCCAGACGAAGTGGCTGGGCGTTCGACTACTGG_IGHJ5-M	2	IGM
seq_99	TGTGCCAGACGAGACGACGGTGCCTTTGACTACTGG	IGHV5-1-3_TGTGCCAGACGAGACGACGGTGCCTTTGACTACTGG_IGHJ2-M	1	IGM
seq_100	TGTGCCAGACGAGGGAACTGGGCGTTCGACTACTGG	IGHV5-1-3_TGTGCCAGACGAGGGAACTGGGCGTTCGACTACTGG_IGHJ5-M	2	IGM
seq_101	TGTGCCAGACGGAACAACGGTGCCTTTGACTACTGG	IGHV5-1-3_TGTGCCAGACGGAACAACGGTGCCTTTGACTACTGG_IGHJ2-M	1	IGM
seq_102	TGTGCCAGACGGCACTACGACGGTGCCTTTGACTACTGG	IGHV5-1-3_TGTGCCAGACGGCACTACGACGGTGCCTTTGACTACTGG_IGHJ2-M	1	IGM
seq_103	TGTGCCAGAGATAACAACTACTGGGCGTTCGACTACTGG	IGHV5-1-3_TGTGCCAGAGATAACAACTACTGGGCGTTCGACTACTGG_IGHJ5-M	1	IGM
seq_104	TGTGCCAGAGTATACTACGGTGCCTTTGACTACTGG	IGHV5-1-3_TGTGCCAGAGTATACTACGGTGCCTTTGACTACTGG_IGHJ2-M	1	IGM
seq_105	TGTGCCAGGCAGTATAACAATGCTTTTGACTACTGG	IGHV5-1-3_TGTGCCAGGCAGTATAACAATGCTTTTGACTACTGG_IGHJ4-M	1	IGM
seq_106	TGTGCCAGGGAGTGGCGCGGTGCCTTTGACTACTGG	IGHV5-1-3_TGTGCCAGGGAGTGGCGCGGTGCCTTTGACTACTGG_IGHJ2-M	1	IGM
seq_107	TGTGCCAGGGCATGGAGTGGCTGGGCGTTCGACTACTGG	IGHV5-1-3_TGTGCCAGGGCATGGAGTGGCTGGGCGTTCGACTACTGG_IGHJ5-M	1	IGM
seq_108	TGTGCCAGTGGAGGTGCCTTTGACTACTGG	IGHV5-1-3_TGTGCCAGTGGAGGTGCCTTTGACTACTGG_IGHJ2-M	1	IGM
seq_109	TGCGCCAGAGAGAGATACGGGTACAATGCTTTTGACTACTGG	IGHV5-3_TGCGCCAGAGAGAGATACGGGTACAATGCTTTTGACTACTGG_IGHJ4-M	1	IGM
seq_110	TGCGCCAGAGAAAGTGGTGCCTTTGACTACTGG	IGHV5-5-1_TGCGCCAGAGAAAGTGGTGCCTTTGACTACTGG_IGHJ2-M	1	IGM
seq_111	TGCGCCAGAGACCAACTACTTGCCTTTGACTACTGG	IGHV5-5-1_TGCGCCAGAGACCAACTACTTGCCTTTGACTACTGG_IGHJ2-M	1	IGM
seq_112	TGCGCCAGAGAGAAAGACAATGCTGCCTTTGACTACTGG	IGHV5-5-1_TGCGCCAGAGAGAAAGACAATGCTGCCTTTGACTACTGG_IGHJ3-M	1	IGM
seq_113	TGCGCCAGAGAGCATATTGCCTTTGACTACTGG	IGHV5-5-1_TGCGCCAGAGAGCATATTGCCTTTGACTACTGG_IGHJ2-M	1	IGM
seq_114	TGCGCCAGAGAGTACATCAATGCTGCCTTTGACTACTGG	IGHV5-5-1_TGCGCCAGAGAGTACATCAATGCTGCCTTTGACTACTGG_IGHJ3-M	11	IGM
seq_115	TGCGCCAGAGAGTACATCAATGCTGCCTTTGATTACTGG	IGHV5-5-1_TGCGCCAGAGAGTACATCAATGCTGCCTTTGATTACTGG_IGHJ3-M	3	IGM
seq_116	TGCGCCAGAGAGTACCAACACGGTGCCTTTGACTACTGG	IGHV5-5-1_TGCGCCAGAGAGTACCAACACGGTGCCTTTGACTACTGG_IGHJ2-M	1	IGM
seq_117	TGCGCCAGAGAGTACTACGGTGCCTTTGACTACTGG	IGHV5-5-1_TGCGCCAGAGAGTACTACGGTGCCTTTGACTACTGG_IGHJ2-M	2	IGM
seq_118	TGCGCCAGAGAGTCGTACGGTGCCTTTGACTACTGG	IGHV5-5-1_TGCGCCAGAGAGTCGTACGGTGCCTTTGACTACTGG_IGHJ2-M	2	IGM
seq_119	TGCGCCAGAGAGTGGCGCGGTGCCTTTGACTACTGG	IGHV5-5-1_TGCGCCAGAGAGTGGCGCGGTGCCTTTGACTACTGG_IGHJ2-M	1	IGM
seq_120	TGCGCCAGAGATAACAGTGCCTTTGACTACTGG	IGHV5-5-1_TGCGCCAGAGATAACAGTGCCTTTGACTACTGG_IGHJ2-M	1	IGM
seq_121	TGCGCCAGAGATGATGGCGGTGCCTTTGACTACTGG	IGHV5-5-1_TGCGCCAGAGATGATGGCGGTGCCTTTGACTACTGG_IGHJ2-M	1	IGM
seq_122	TGCGCCAGAGCTCAATACGGTGCCTTTGACTACTGG	IGHV5-5-1_TGCGCCAGAGCTCAATACGGTGCCTTTGACTACTGG_IGHJ2-M	2	IGM
seq_123	TGCGCCAGAGGAGACTTTGACTACTGG	IGHV5-5-1_TGCGCCAGAGGAGACTTTGACTACTGG_IGHJ1-M	1	IGM
seq_124	TGCGCCAGAGGGAGTACGGTGCCTTTGACTACTGG	IGHV5-5-1_TGCGCCAGAGGGAGTACGGTGCCTTTGACTACTGG_IGHJ2-M	1	IGM
seq_125	TGCGCCAGAGGGGACAACTACGGTGCCTTTGACTACTGG	IGHV5-5-1_TGCGCCAGAGGGGACAACTACGGTGCCTTTGACTACTGG_IGHJ2-M	1	IGM
seq_126	TGCGCCAGAGGGGAGTGGCGCTACTTTGACTACTGG	IGHV5-5-1_TGCGCCAGAGGGGAGTGGCGCTACTTTGACTACTGG_IGHJ1-M	1	IGM
seq_127	TGCGCCAGATGGAGTCCCTACTACTTTGACTACTGG	IGHV5-5-1_TGCGCCAGATGGAGTCCCTACTACTTTGACTACTGG_IGHJ1-M	1	IGM
seq_128	TGCGCCAGATGGAGTGGCGCCTTTGACTACTGG	IGHV5-5-1_TGCGCCAGATGGAGTGGCGCCTTTGACTACTGG_IGHJ2-M	1	IGM
seq_129	TGCGCCAGGCAGTATAACTGGGCGTTCGACTACTGG	IGHV5-5-1_TGCGCCAGGCAGTATAACTGGGCGTTCGACTACTGG_IGHJ5-M	1	IGM
seq_130	TGCGCCAGGTATAACTACGACTACTTTGACTACTGG	IGHV5-5-1_TGCGCCAGGTATAACTACGACTACTTTGACTACTGG_IGHJ1-M	1	IGM
seq_131	TGCGCCAGTAATAACTACTACTTTGACTACTGG	IGHV5-5-1_TGCGCCAGTAATAACTACTACTTTGACTACTGG_IGHJ1-M	1	IGM
seq_132	TGCGCCAGACAGACCAATGCTGCCTTTGACTACTGG	IGHV5-5-2_TGCGCCAGACAGACCAATGCTGCCTTTGACTACTGG_IGHJ3-M	1	IGM
seq_133	TGCGCCAGACTCCTACGGGTCAATGCTTTTGACTACTGG	IGHV5-5-2_TGCGCCAGACTCCTACGGGTCAATGCTTTTGACTACTGG_IGHJ4-M	1	IGM
seq_134	TGCGCCAGAGAATGGAGTTACGGTGCCTTTGACTACTGG	IGHV5-5-2_TGCGCCAGAGAATGGAGTTACGGTGCCTTTGACTACTGG_IGHJ2-M	1	IGM
seq_135	TGCGCCAGAGACAACTACTACTTTGACTACTGG	IGHV5-5-2_TGCGCCAGAGACAACTACTACTTTGACTACTGG_IGHJ1-M	1	IGM
seq_136	TGCGCCAGAGAGCCTAACAACTACGGTGCCTTTGACTACTGG	IGHV5-5-2_TGCGCCAGAGAGCCTAACAACTACGGTGCCTTTGACTACTGG_IGHJ2-M	3	IGM
seq_137	TGCGCCAGAGAGTACAACTACGGTGCCTTTGACTACTGG	IGHV5-5-2_TGCGCCAGAGAGTACAACTACGGTGCCTTTGACTACTGG_IGHJ2-M	1	IGM
seq_138	TGCGCCAGAGAGTACGACGATGCTTTTGACTACTGG	IGHV5-5-2_TGCGCCAGAGAGTACGACGATGCTTTTGACTACTGG_IGHJ4-M	1	IGM
seq_139	TGCGCCAGAGGTATAACAGGAAACTGGGCGTTCGACTACTGG	IGHV5-5-2_TGCGCCAGAGGTATAACAGGAAACTGGGCGTTCGACTACTGG_IGHJ5-M	2	IGM
seq_140	TGCGCCAGATGGAGTGGCGGTGCTTTTGACTACTGG	IGHV5-5-2_TGCGCCAGATGGAGTGGCGGTGCTTTTGACTACTGG_IGHJ4-M	1	IGM
seq_141	TGCGCCAGAGACTACGACGGTGCCTTTGACTACTGG	IGHV5-5-3_TGCGCCAGAGACTACGACGGTGCCTTTGACTACTGG_IGHJ2-M	1	IGM
seq_142	TGTGCCAAGTATAGCAATGCTGCCTTTGACTACTGG	IGHV6-1_TGTGCCAAGTATAGCAATGCTGCCTTTGACTACTGG_IGHJ3-M	1	IGM
seq_143	TGTGCCACAGAGGCCCAACTACTTGCCTTTGACTACTGG	IGHV6-1_TGTGCCACAGAGGCCCAACTACTTGCCTTTGACTACTGG_IGHJ2-M	1	IGM
seq_144	TGTGCCACATATAACAACTACTGGGCGTTCGACTACTGG	IGHV6-1_TGTGCCACATATAACAACTACTGGGCGTTCGACTACTGG_IGHJ5-M	1	IGM
seq_145	TGTGCCATATGGAGTGGCGACTACTTTGACTACTGG	IGHV6-1_TGTGCCATATGGAGTGGCGACTACTTTGACTACTGG_IGHJ1-M	1	IGM
seq_146	TGTGCCACAGAGACAACTTACAATGCTTTTGACTACTGG	IGHV6-2_TGTGCCACAGAGACAACTTACAATGCTTTTGACTACTGG_IGHJ4-M	1	IGM
seq_147	TGTGCCACATGGAGTGGCGATGCTGCCTTTGACTACTGG	IGHV6-2_TGTGCCACATGGAGTGGCGATGCTGCCTTTGACTACTGG_IGHJ3-M	1	IGM
seq_148	TGTGCCAGACCGCAGTACAATGCTTTTGACTACTGG	IGHV7-1_TGTGCCAGACCGCAGTACAATGCTTTTGACTACTGG_IGHJ4-M	1	IGM
seq_149	TGTGCTCGATGGAGTGGCTATGCTTTTGACTACTGG	IGHV8-2_TGTGCTCGATGGAGTGGCTATGCTTTTGACTACTGG_IGHJ4-M	1	IGM
seq_150	TGTGCTCGCCATGGAGTGGCTGGCTTTGACTACTGG	IGHV8-2_TGTGCTCGCCATGGAGTGGCTGGCTTTGACTACTGG_IGHJ1-M	1	IGM
seq_151	TGTGCTCGCTATAACAATGCTTTTGACTACTGG	IGHV8-2_TGTGCTCGCTATAACAATGCTTTTGACTACTGG_IGHJ4-M	1	IGM
seq_152	TGTGCTCGCTATAATTACGGTGCCTTTGACTACTGG	IGHV8-2_TGTGCTCGCTATAATTACGGTGCCTTTGACTACTGG_IGHJ2-M	1	IGM
seq_153	TGTGCTCGCTATAGCTACTACTACTTTGACTACTGG	IGHV8-2_TGTGCTCGCTATAGCTACTACTACTTTGACTACTGG_IGHJ1-M	1	IGM
seq_154	TGTGTTCGCAACTACGACGGTGCCTTTGACTACTGG	IGHV8-3_TGTGTTCGCAACTACGACGGTGCCTTTGACTACTGG_IGHJ2-M	1	IGM
seq_155	TGTGTTCGCAATAACTACGATGCTTTTGACTACTGG	IGHV8-3_TGTGTTCGCAATAACTACGATGCTTTTGACTACTGG_IGHJ4-M	1	IGM
seq_156	TGTGTTCGCAATGCATGGAGTGGCTACTACTTTGACTACTGG	IGHV8-3_TGTGTTCGCAATGCATGGAGTGGCTACTACTTTGACTACTGG_IGHJ1-M	1	IGM
seq_157	TGTGCTCGAGTGTATAAATACTACTTTGACTACTGG	IGHV8-4_TGTGCTCGAGTGTATAAATACTACTTTGACTACTGG_IGHJ1-M	1	IGM
seq_158	TGTGCTCGCAACAACTACCATGCTTTTGACTACTGG	IGHV8-4_TGTGCTCGCAACAACTACCATGCTTTTGACTACTGG_IGHJ4-M	1	IGM
seq_159	TGTGCTCGCAGGGTATGGAGTAACAATGCTTTTGACTACTGG	IGHV8-4_TGTGCTCGCAGGGTATGGAGTAACAATGCTTTTGACTACTGG_IGHJ4-M	1	IGM
seq_160	TGTGCTCGCGGTAACAACTATGCTTTTGACTACTGG	IGHV8-4_TGTGCTCGCGGTAACAACTATGCTTTTGACTACTGG_IGHJ4-M	1	IGM
seq_161	TGTGCAAAAGGCAACTACTACTTTGACTACTGG	IGHV9-1_TGTGCAAAAGGCAACTACTACTTTGACTACTGG_IGHJ1-M	1	IGM
seq_162	TGTGCAAGAGACTACTACGGTGCCTTTGACTACTGG	IGHV9-1_TGTGCAAGAGACTACTACGGTGCCTTTGACTACTGG_IGHJ2-M	1	IGM
seq_163	TGTGCAAGAGACTACTACTTTGACTACTGG	IGHV9-1_TGTGCAAGAGACTACTACTTTGACTACTGG_IGHJ1-M	1	IGM
seq_164	TGTGCAAGAGAGAACTACTACTACTTTGACTACTGG	IGHV9-1_TGTGCAAGAGAGAACTACTACTACTTTGACTACTGG_IGHJ1-M	1	IGM
seq_165	TGTGCAAGAGAGAATAATAACTGGGCGTTCGACTACTGG	IGHV9-1_TGTGCAAGAGAGAATAATAACTGGGCGTTCGACTACTGG_IGHJ5-M	6	IGM
seq_166	TGTGCAAGAGAGAGTAATGCTTTTGACTACTGG	IGHV9-1_TGTGCAAGAGAGAGTAATGCTTTTGACTACTGG_IGHJ4-M	1	IGM
seq_167	TGTGCAAGAGAGATTAACTGGGCGTTCGACTACTGG	IGHV9-1_TGTGCAAGAGAGATTAACTGGGCGTTCGACTACTGG_IGHJ5-M	1	IGM
seq_168	TGTGCAAGAGAGGATAACAGCTACTTTGACTACTGG	IGHV9-1_TGTGCAAGAGAGGATAACAGCTACTTTGACTACTGG_IGHJ1-M	1	IGM
seq_169	TGTGCAAGAGAGGGAGTAGGCTACTTTGACTACTGG	IGHV9-1_TGTGCAAGAGAGGGAGTAGGCTACTTTGACTACTGG_IGHJ1-M	1	IGM
seq_170	TGTGCAAGAGAGGGGCATAACTACGGTGCCTTTGACTACTGG	IGHV9-1_TGTGCAAGAGAGGGGCATAACTACGGTGCCTTTGACTACTGG_IGHJ2-M	1	IGM
seq_171	TGTGCAAGAGAGTGGCGTGCCTTTGACTACTGG	IGHV9-1_TGTGCAAGAGAGTGGCGTGCCTTTGACTACTGG_IGHJ2-M	1	IGM
seq_172	TGTGCAAGAGATAGGAGAGACTACTACTTTGACTACTGG	IGHV9-1_TGTGCAAGAGATAGGAGAGACTACTACTTTGACTACTGG_IGHJ1-M	2	IGM
seq_173	TGTGCAAGAGATCTCAACTACGCTTTTGACTACTGG	IGHV9-1_TGTGCAAGAGATCTCAACTACGCTTTTGACTACTGG_IGHJ4-M	1	IGM
seq_174	TGTGCAAGAGCATGGAGTGGCGCACAATGCTTTTGACTACTGG	IGHV9-1_TGTGCAAGAGCATGGAGTGGCGCACAATGCTTTTGACTACTGG_IGHJ4-M	1	IGM
seq_175	TGTGCAAGAGCGTATGACAATGCTTTTGACTACTGG	IGHV9-1_TGTGCAAGAGCGTATGACAATGCTTTTGACTACTGG_IGHJ4-M	1	IGM
seq_176	TGTGCAAGAGGAAACAACTACGGTGCCTTTGACTACTGG	IGHV9-1_TGTGCAAGAGGAAACAACTACGGTGCCTTTGACTACTGG_IGHJ2-M	1	IGM
seq_177	TGTGCAAGAGGACTATACTACTTTGACTACTGG	IGHV9-1_TGTGCAAGAGGACTATACTACTTTGACTACTGG_IGHJ1-M	8	IGM
seq_178	TGTGCAAGAGGGAACAACTACGGTGCCTTTGACTACTGG	IGHV9-1_TGTGCAAGAGGGAACAACTACGGTGCCTTTGACTACTGG_IGHJ2-M	1	IGM
seq_179	TGTGCAAGAGGGGATAATCGGGCGTTCGACTACTGG	IGHV9-1_TGTGCAAGAGGGGATAATCGGGCGTTCGACTACTGG_IGHJ5-M	1	IGM
seq_180	TGTGCAAGAGGGGGCGACTACTTTGACTACTGG	IGHV9-1_TGTGCAAGAGGGGGCGACTACTTTGACTACTGG_IGHJ1-M	155	IGM
seq_181	TGTGCAAGATGGAGTCTCAATGTTTTTGACTACTGG	IGHV9-1_TGTGCAAGATGGAGTCTCAATGTTTTTGACTACTGG_IGHJ4-M	1	IGM
seq_182	TGTGCAAGGAACAACTACGCTGCCTTTGACTACTGG	IGHV9-1_TGTGCAAGGAACAACTACGCTGCCTTTGACTACTGG_IGHJ2-M	1	IGM
seq_183	TGTGCAAGGTGGAGTGGCGCGTACTACTACTTTGACTACTGG	IGHV9-1_TGTGCAAGGTGGAGTGGCGCGTACTACTACTTTGACTACTGG_IGHJ1-M	1	IGM
seq_184	TGTGCAACATACAAATGGAGTGGCTACTACTTTGACTACTGG	IGHV9-3_TGTGCAACATACAAATGGAGTGGCTACTACTTTGACTACTGG_IGHJ1-M	1	IGM
seq_185	TGTGCAACATACAATTTTGCTGCCTTTGACTACTGG	IGHV9-3_TGTGCAACATACAATTTTGCTGCCTTTGACTACTGG_IGHJ3-M	1	IGM
seq_186	TGTGCAACATACACAACTACTGCTGCCTTTGACTACTGG	IGHV9-3_TGTGCAACATACACAACTACTGCTGCCTTTGACTACTGG_IGHJ3-M	1	IGM
seq_187	TGTGCAACATACACCACGGAGTGGCGGTACTTTGACTACTGG	IGHV9-3_TGTGCAACATACACCACGGAGTGGCGGTACTTTGACTACTGG_IGHJ1-M	1	IGM
seq_188	TGTGCAACATACACCAGCGGCTACAATGCTGCCTTTGACTACTGG	IGHV9-3_TGTGCAACATACACCAGCGGCTACAATGCTGCCTTTGACTACTGG_IGHJ3-M	1	IGM
seq_189	TGTGCAACATACACCAGCGGGTATAACGGTGCCTTTGACTACTGG	IGHV9-3_TGTGCAACATACACCAGCGGGTATAACGGTGCCTTTGACTACTGG_IGHJ2-M	1	IGM
seq_190	TGTGCAACATACACCAGTAAGGCTTTTGACTACTGG	IGHV9-3_TGTGCAACATACACCAGTAAGGCTTTTGACTACTGG_IGHJ4-M	1	IGM
seq_191	TGTGCAACATACACCGCGGGACAATTCAATGCTTTTGACTACTGG	IGHV9-3_TGTGCAACATACACCGCGGGACAATTCAATGCTTTTGACTACTGG_IGHJ4-M	2	IGM
seq_192	TGTGCAACATACACGCATGGAGTGGCGCGGTACAATGCTTTTGACTACTGG	IGHV9-3_TGTGCAACATACACGCATGGAGTGGCGCGGTACAATGCTTTTGACTACTGG_IGHJ4-M	1	IGM
seq_193	TGTGCAACATACACTATGGAGTACTTTGACTACTGG	IGHV9-3_TGTGCAACATACACTATGGAGTACTTTGACTACTGG_IGHJ1-M	3	IGM
